https://aws-fiton.s3.amazonaws.com/seeds/goals/aksh-yadav-bY4cqxp7vos-unsplash.jpg,
https://aws-fiton.s3.amazonaws.com/seeds/goals/andre-taissin-DBvEoaU3ICs-unsplash.jpg,
https://aws-fiton.s3.amazonaws.com/seeds/goals/attentie-attentie-ig7vN6OkGNE-unsplash.jpg,
https://aws-fiton.s3.amazonaws.com/seeds/goals/azzedine-rouichi-UdYsHtvQkw0-unsplash.jpg,
https://aws-fiton.s3.amazonaws.com/seeds/goals/bence-balla-schottner-deGn9vSwXIM-unsplash.jpg,
https://aws-fiton.s3.amazonaws.com/seeds/goals/brett-jordan-U00w3A4iC7c-unsplash.jpg,
https://aws-fiton.s3.amazonaws.com/seeds/goals/capstone-events-KR3TZJS5u1o-unsplash.jpg,
https://aws-fiton.s3.amazonaws.com/seeds/goals/christopher-lemercier-w0-0Z5vEvM8-unsplash.jpg,
https://aws-fiton.s3.amazonaws.com/seeds/goals/claudio-schwarz-OcJPC1LSIbI-unsplash.jpg,
https://aws-fiton.s3.amazonaws.com/seeds/goals/delaney-van-I72QeY20Q7o-unsplash.jpg,
https://aws-fiton.s3.amazonaws.com/seeds/goals/delaney-van-udE7Kh7QHbM-unsplash.jpg,
https://aws-fiton.s3.amazonaws.com/seeds/goals/ev-C7h_31Lz16Y-unsplash.jpg,
https://aws-fiton.s3.amazonaws.com/seeds/goals/fauzan-saari-AmhdN68wjPc-unsplash.jpg,
https://aws-fiton.s3.amazonaws.com/seeds/goals/florian-schmetz-fbCtFV3FkfE-unsplash.jpg,
https://aws-fiton.s3.amazonaws.com/seeds/goals/giorgio-trovato-_XTY6lD8jgM-unsplash.jpg,
https://aws-fiton.s3.amazonaws.com/seeds/goals/goh-rhy-yan-7erinyJlw0Y-unsplash.jpg,
https://aws-fiton.s3.amazonaws.com/seeds/goals/gordon-cowie-5QQ8QljUJ-c-unsplash.jpg,
https://aws-fiton.s3.amazonaws.com/seeds/goals/i-yunmai-5jctAMjz21A-unsplash.jpg,
https://aws-fiton.s3.amazonaws.com/seeds/goals/jonathan-borba-3OU3zCRxEYs-unsplash.jpg,
https://aws-fiton.s3.amazonaws.com/seeds/goals/joshua-earle--87JyMb9ZfU-unsplash.jpg,
https://aws-fiton.s3.amazonaws.com/seeds/goals/katie-bush-FqJQvAzcH6Y-unsplash.jpg,
https://aws-fiton.s3.amazonaws.com/seeds/goals/leah-hetteberg-0pSsWN8uqAE-unsplash.jpg,
https://aws-fiton.s3.amazonaws.com/seeds/goals/rishikesh-yogpeeth-Zp-FLjbXXGk-unsplash.jpg,
https://aws-fiton.s3.amazonaws.com/seeds/goals/ruslan-zh-i_DN1jo1iTU-unsplash.jpg,
https://aws-fiton.s3.amazonaws.com/seeds/goals/sheng-hu-_Hnue6LxhLY-unsplash.jpg,
https://aws-fiton.s3.amazonaws.com/seeds/goals/simone-pellegrini-L3QG_OBluT0-unsplash.jpg,
https://aws-fiton.s3.amazonaws.com/seeds/goals/tim-l-productions-2wbnzrc-tHs-unsplash.jpg,
https://aws-fiton.s3.amazonaws.com/seeds/goals/timeo-buehrer-FlyLAzThYWw-unsplash.jpg,
https://aws-fiton.s3.amazonaws.com/seeds/goals/tobias-nii-kwatei-quartey-eGdGkZAI6h4-unsplash.jpg,
https://aws-fiton.s3.amazonaws.com/seeds/goals/total-shape-p7nwvfcjk-I-unsplash.jpg,
https://aws-fiton.s3.amazonaws.com/seeds/goals/vince-fleming-aZVpxRydiJk-unsplash.jpg,
https://aws-fiton.s3.amazonaws.com/seeds/goals/vinit-vispute-PO36L2wA8KI-unsplash.jpg