https://aws-fiton.s3.amazonaws.com/seeds/profiles/ale-romo-TdrUCJU6VFs-unsplash.jpg,
https://aws-fiton.s3.amazonaws.com/seeds/profiles/alex-shaw-GtkWU292vLQ-unsplash.jpg,
https://aws-fiton.s3.amazonaws.com/seeds/profiles/ali-karimiboroujeni-5-qwtyU0BFg-unsplash.jpg,
https://aws-fiton.s3.amazonaws.com/seeds/profiles/anthony-mckissic-g4SdBQJvVLs-unsplash.jpg,
https://aws-fiton.s3.amazonaws.com/seeds/profiles/april-laugh-L8ncVyFVIkI-unsplash.jpg,
https://aws-fiton.s3.amazonaws.com/seeds/profiles/april-laugh-UWBuv0MYU4U-unsplash.jpg,
https://aws-fiton.s3.amazonaws.com/seeds/profiles/august-phlieger-CREqtqgBFcU-unsplash.jpg,
https://aws-fiton.s3.amazonaws.com/seeds/profiles/carlos-navas-SuDWGuESwkI-unsplash.jpg,
https://aws-fiton.s3.amazonaws.com/seeds/profiles/chris-kendall-70yGAD0odAU-unsplash.jpg,
https://aws-fiton.s3.amazonaws.com/seeds/profiles/dane-wetton-AkSJQnem75Y-unsplash.jpg,
https://aws-fiton.s3.amazonaws.com/seeds/profiles/dani-SzHsiYO6pZE-unsplash.jpg,
https://aws-fiton.s3.amazonaws.com/seeds/profiles/david-hofmann-POd35V_uE4k-unsplash.jpg,
https://aws-fiton.s3.amazonaws.com/seeds/profiles/david-hofmann-cdP6ohOasfM-unsplash.jpg,
https://aws-fiton.s3.amazonaws.com/seeds/profiles/david-hofmann-yFG6cl4HnK0-unsplash.jpg,
https://aws-fiton.s3.amazonaws.com/seeds/profiles/fitnish-media-OkLXY-9h0Ik-unsplash.jpg,
https://aws-fiton.s3.amazonaws.com/seeds/profiles/jessica-tuttle-TlB94lT3PgM-unsplash.jpg,
https://aws-fiton.s3.amazonaws.com/seeds/profiles/kevin-erdvig-vw6bhQOU7rw-unsplash.jpg,
https://aws-fiton.s3.amazonaws.com/seeds/profiles/lindsey-franzke-39eoZID2yec-unsplash.jpg,
https://aws-fiton.s3.amazonaws.com/seeds/profiles/logan-weaver-lgnwvr-9D_rUDe7xvA-unsplash.jpg,
https://aws-fiton.s3.amazonaws.com/seeds/profiles/logan-weaver-lgnwvr-mAWNzmZ5TBY-unsplash.jpg,
https://aws-fiton.s3.amazonaws.com/seeds/profiles/markus-spiske-71omTvg7_Rw-unsplash.jpg,
https://aws-fiton.s3.amazonaws.com/seeds/profiles/martin-magnemyr-xfqiiS-9u6k-unsplash.jpg,
https://aws-fiton.s3.amazonaws.com/seeds/profiles/meagan-stone-kC5KL_iUpL4-unsplash.jpg,
https://aws-fiton.s3.amazonaws.com/seeds/profiles/mika-ruusunen-M6z4XBIcUSk-unsplash.jpg,
https://aws-fiton.s3.amazonaws.com/seeds/profiles/mika-ruusunen-uBysuAVwiH0-unsplash.jpg,
https://aws-fiton.s3.amazonaws.com/seeds/profiles/nathanael-desmeules-86s85kem6bU-unsplash.jpg,
https://aws-fiton.s3.amazonaws.com/seeds/profiles/nathanael-desmeules-LVvv_NYFq-U-unsplash.jpg,
https://aws-fiton.s3.amazonaws.com/seeds/profiles/nathanael-desmeules-w2cPNzz8CoY-unsplash.jpg,
https://aws-fiton.s3.amazonaws.com/seeds/profiles/ns-Iee11oQ6uKs-unsplash.jpg,
https://aws-fiton.s3.amazonaws.com/seeds/profiles/omar-ram-NAZOqzl9OGM-unsplash.jpg,
https://aws-fiton.s3.amazonaws.com/seeds/profiles/project-290-O9PGFf7fDEI-unsplash.jpg,
https://aws-fiton.s3.amazonaws.com/seeds/profiles/rahadiansyah-IlRNPWk39eY-unsplash.jpg,
https://aws-fiton.s3.amazonaws.com/seeds/profiles/ryan-hoffman-wqbrxqv2Vaw-unsplash.jpg,
https://aws-fiton.s3.amazonaws.com/seeds/profiles/ryan-snaadt-BoCR26LwEcw-unsplash.jpg,
https://aws-fiton.s3.amazonaws.com/seeds/profiles/sander-sammy-KwawO7WRSO8-unsplash.jpg,
https://aws-fiton.s3.amazonaws.com/seeds/profiles/sandra-seitamaa-O2TCCe7gd7k-unsplash.jpg,
https://aws-fiton.s3.amazonaws.com/seeds/profiles/sarah-cervantes-H8WTALuL7KM-unsplash.jpg,
https://aws-fiton.s3.amazonaws.com/seeds/profiles/seth-kane-oyZalm8fvS4-unsplash.jpg,
https://aws-fiton.s3.amazonaws.com/seeds/profiles/shaun-bell-NSuFy5XLANQ-unsplash.jpg,
https://aws-fiton.s3.amazonaws.com/seeds/profiles/sushil-ghimire-nLQ-BEkvjZE-unsplash.jpg,
https://aws-fiton.s3.amazonaws.com/seeds/profiles/tony-barnbrook-G_BXPgE9eE4-unsplash.jpg,
https://aws-fiton.s3.amazonaws.com/seeds/profiles/viktor-bystrov-iFVbR7ARpCY-unsplash.jpg,
https://aws-fiton.s3.amazonaws.com/seeds/profiles/vitalii-khodzinskyi-iXZWz82VEOM-unsplash.jpg