https://aws-fiton.s3.amazonaws.com/seeds/workouts/albany-capture-ivYQj_wQyk0-unsplash.jpg,
https://aws-fiton.s3.amazonaws.com/seeds/workouts/alonso-reyes-0HlI76m4jxU-unsplash.jpg,
https://aws-fiton.s3.amazonaws.com/seeds/workouts/alora-griffiths-WiKEnlt6Z3U-unsplash.jpg,
https://aws-fiton.s3.amazonaws.com/seeds/workouts/alora-griffiths-WX7FSaiYxK8-unsplash.jpg,
https://aws-fiton.s3.amazonaws.com/seeds/workouts/andrea-leopardi-QVD3Xht9txA-unsplash.jpg,
https://aws-fiton.s3.amazonaws.com/seeds/workouts/anupam-mahapatra-Vz0RbclzG_w-unsplash.jpg,
https://aws-fiton.s3.amazonaws.com/seeds/workouts/ave-calvar-opxOfzge2Tg-unsplash.jpg,
https://aws-fiton.s3.amazonaws.com/seeds/workouts/bandan-mohammed-JqCMxXa3z9Q-unsplash.jpg,
https://aws-fiton.s3.amazonaws.com/seeds/workouts/bernd-dittrich-ZnVVeGvRp9I-unsplash.jpg,
https://aws-fiton.s3.amazonaws.com/seeds/workouts/bruce-mars-gJtDg6WfMlQ-unsplash.jpg,
https://aws-fiton.s3.amazonaws.com/seeds/workouts/byron-breytenbach-Uy5ZnKeZeE4-unsplash.jpg,
https://aws-fiton.s3.amazonaws.com/seeds/workouts/cesar-badilla-miranda-AHrhW2tEfUQ-unsplash.jpg,
https://aws-fiton.s3.amazonaws.com/seeds/workouts/chris-E89ftA2oqAA-unsplash.jpg,
https://aws-fiton.s3.amazonaws.com/seeds/workouts/claudia-manas-GAeHm_cXtcc-unsplash.jpg,
https://aws-fiton.s3.amazonaws.com/seeds/workouts/fei-chao-UEKZv43U-7s-unsplash.jpg,
https://aws-fiton.s3.amazonaws.com/seeds/workouts/fei-chao-zWhd4tIe_z4-unsplash.jpg,
https://aws-fiton.s3.amazonaws.com/seeds/workouts/frederik-rosar-F_sGPBDM1FI-unsplash.jpg,
https://aws-fiton.s3.amazonaws.com/seeds/workouts/frederik-rosar-Oat4Fk2-_y4-unsplash.jpg,
https://aws-fiton.s3.amazonaws.com/seeds/workouts/frederik-rosar-j3bvrDUHg2g-unsplash.jpg,
https://aws-fiton.s3.amazonaws.com/seeds/workouts/frederik-rosar-uQOBWxjSd-4-unsplash.jpg,
https://aws-fiton.s3.amazonaws.com/seeds/workouts/gold-bjj-vQnlu9EUBDo-unsplash.jpg,
https://aws-fiton.s3.amazonaws.com/seeds/workouts/greg-rosenke-GAGed6WJoOY-unsplash.jpg,
https://aws-fiton.s3.amazonaws.com/seeds/workouts/greg-rosenke-rtBbMUa8spc-unsplash.jpg,
https://aws-fiton.s3.amazonaws.com/seeds/workouts/jonathan-borba-lrQPTQs7nQQ-unsplash.jpg,
https://aws-fiton.s3.amazonaws.com/seeds/workouts/jose-vazquez-UUf5nxhEhAs-unsplash.jpg,
https://aws-fiton.s3.amazonaws.com/seeds/workouts/kamil-pietrzak-Yd4fpzZ_kSg-unsplash.jpg,
https://aws-fiton.s3.amazonaws.com/seeds/workouts/leah-hetteberg-TRLkrxytGNI-unsplash.jpg,
https://aws-fiton.s3.amazonaws.com/seeds/workouts/leah-hetteberg-TtkO_B-nM8k-unsplash.jpg,
https://aws-fiton.s3.amazonaws.com/seeds/workouts/leah-hetteberg-XsGSsbmLSdo-unsplash.jpg,
https://aws-fiton.s3.amazonaws.com/seeds/workouts/leah-hetteberg-ywb0H2M6hLc-unsplash.jpg,
https://aws-fiton.s3.amazonaws.com/seeds/workouts/lorenzo-fustaino-Wcdf2Aodr0U-unsplash.jpg,
https://aws-fiton.s3.amazonaws.com/seeds/workouts/lucas-andrade-JAqkj-MaPtM-unsplash.jpg,
https://aws-fiton.s3.amazonaws.com/seeds/workouts/mahmur-marganti-v7RxH3O-8ls-unsplash.jpg,
https://aws-fiton.s3.amazonaws.com/seeds/workouts/malek-bee-ou5QtAGfkRU-unsplash.jpg,
https://aws-fiton.s3.amazonaws.com/seeds/workouts/marea-wellness-nmHSysCA_Mk-unsplash.jpg,
https://aws-fiton.s3.amazonaws.com/seeds/workouts/marek-piwnicki-kcXioCrfq3s-unsplash.jpg,
https://aws-fiton.s3.amazonaws.com/seeds/workouts/marek-piwnicki-v8NBFDmBRrI-unsplash.jpg,
https://aws-fiton.s3.amazonaws.com/seeds/workouts/markus-spiske-Xr0vgXXZ91A-unsplash.jpg,
https://aws-fiton.s3.amazonaws.com/seeds/workouts/markus-spiske-hykxYzHADLU-unsplash.jpg,
https://aws-fiton.s3.amazonaws.com/seeds/workouts/mehdi-messrro-UPYp6X-3sDc-unsplash.jpg,
https://aws-fiton.s3.amazonaws.com/seeds/workouts/mehrab-zahedbeigi-TNW2hqyanM0-unsplash.jpg,
https://aws-fiton.s3.amazonaws.com/seeds/workouts/michael-pointner-l95oMx3CHPo-unsplash.jpg,
https://aws-fiton.s3.amazonaws.com/seeds/workouts/mick-brown-kzQ07CO2Ysg-unsplash.jpg,
https://aws-fiton.s3.amazonaws.com/seeds/workouts/mustachescactus-6w_K-m7K2U4-unsplash.jpg,
https://aws-fiton.s3.amazonaws.com/seeds/workouts/omer-haktan-bulut--XP_arqv6Cw-unsplash.jpg,
https://aws-fiton.s3.amazonaws.com/seeds/workouts/patrick-schneider-yw1y-alKGrg-unsplash.jpg,
https://aws-fiton.s3.amazonaws.com/seeds/workouts/photo-genius-XqxnqyqDU0k-unsplash.jpg,
https://aws-fiton.s3.amazonaws.com/seeds/workouts/sam-moghadam-khamseh-vOZP2LojrHI-unsplash.jpg